<?xml version="1.0" encoding="UTF-8"?>
<addon id="repository.Stuff" name="Lots of Stuff Repo" version="1.0.0" provider-name="very-cool-guy">
	<requires>
		<import addon="xbmc.addon" version="12.0.0"/>
	</requires>
	<extension point="xbmc.addon.repository" name="Lots of Stuff Repo">
		<info compressed="false">https://raw.githubusercontent.com/JGSwiftRepo/Kodi_Repo/main_repo/addons.xml</info>
		<checksum>https://raw.githubusercontent.com/JGSwiftRepo/Kodi_Repo/main_repo/addons.xml.md5</checksum>
		<datadir zip="true">https://raw.githubusercontent.com/JGSwiftRepo/Kodi_Repo/main_repo/</datadir>
		<hashes>false</hashes>	
		<dir>
		    <info compressed="false">https://magnetic.website/__zips/addons.xml</info>
            <checksum>https://magnetic.website/__zips/addons.xml.md5</checksum>
            <datadir zip="true">https://magnetic.website/__zips/</datadir>
            <hashes>false</hashes>
		</dir>		
	</extension>
	<extension point="xbmc.addon.metadata">
		<summary>Official Lots of Stuff Repository</summary>
		<description>Welcome to lots of stuff repo. Please Enjoy</description>
		<platform>all</platform>
    </extension>
</addon>